{"ratio": [], "shift": [["HAVE ACCESS,USERS", 0], ["HAVE ACCESS,BOARD", 0], ["CONTAINS,BOARD", 0], ["CONTAINS,LIST", 0], ["HAVE,LIST", 0], ["HAVE,CARD", 0]], "colors": [["annotation_color", "#1b7837"], ["annotation_text_color", "#f7f7f7"], ["association_attribute_text_color", "#000000"], ["association_cartouche_color", "#a6dba0"], ["association_cartouche_text_color", "#000000"], ["association_color", "#d9f0d3"], ["association_stroke_color", "#5aae61"], ["background_color", "#f7f7f7"], ["card_text_color", "#762a83"], ["entity_attribute_text_color", "#000000"], ["entity_cartouche_color", "#c2a5cf"], ["entity_cartouche_text_color", "#000000"], ["entity_color", "#e7d4e8"], ["entity_stroke_color", "#9970ab"], ["leg_stroke_color", "#5aae61"], ["transparent_color", "none"]], "cy": [["USERS", 85], ["HAVE ACCESS", 85], ["BOARD", 85], ["CONTAINS", 85], ["LIST", 85], ["HAVE", 85], ["CARD", 85]], "cx": [["USERS", 83], ["HAVE ACCESS", 240], ["BOARD", 397], ["CONTAINS", 543], ["LIST", 689], ["HAVE", 819], ["CARD", 949]], "size": [1032, 170]}